{"stats":{"minecraft:used":{"minecraft:bread":1,"minecraft:wooden_sword":4},"minecraft:custom":{"minecraft:jump":91,"minecraft:time_since_rest":4261,"minecraft:damage_dealt":160,"minecraft:leave_game":2,"minecraft:play_time":4261,"minecraft:sprint_one_cm":7449,"minecraft:damage_taken":40,"minecraft:time_since_death":4261,"minecraft:walk_one_cm":2407,"minecraft:total_world_time":4261,"minecraft:mob_kills":1,"minecraft:fall_one_cm":3938,"minecraft:fly_one_cm":18944},"minecraft:killed":{"minecraft:spider":1}},"DataVersion":3120}