{"stats":{"minecraft:picked_up":{"minecraft:wheat_seeds":1,"minecraft:oak_log":2,"minecraft:oak_sapling":1,"minecraft:dirt":2},"minecraft:dropped":{"minecraft:wheat_seeds":1,"tombstone:grave_key":1},"minecraft:killed_by":{"minecraft:skeleton":1},"minecraft:used":{"minecraft:dirt":2},"minecraft:custom":{"minecraft:time_since_rest":3373,"minecraft:crouch_one_cm":59,"minecraft:deaths":1,"minecraft:sprint_one_cm":34090,"minecraft:play_time":7729,"minecraft:damage_taken":250,"minecraft:walk_one_cm":10133,"minecraft:sneak_time":137,"minecraft:walk_under_water_one_cm":2363,"minecraft:drop":2,"minecraft:jump":214,"minecraft:damage_dealt":30,"minecraft:leave_game":2,"minecraft:walk_on_water_one_cm":2430,"minecraft:time_since_death":5772,"minecraft:total_world_time":7729,"minecraft:swim_one_cm":12765,"minecraft:fall_one_cm":1312,"minecraft:fly_one_cm":42366},"minecraft:mined":{"minecraft:grass":2,"minecraft:grass_block":2,"minecraft:oak_log":2,"minecraft:oak_leaves":5}},"DataVersion":3120}