{
  "betterdungeons:root": {
    "criteria": {
      "always": "2024-05-18 03:10:16 +0000"
    },
    "done": true
  },
  "bambooeverything:recipes/dry_bamboo_fence": {
    "criteria": {
      "has_dry_bundle": "2024-05-18 03:10:17 +0000",
      "has_dry_bamboo": "2024-05-18 03:10:17 +0000"
    },
    "done": true
  },
  "deeperdarker:recipes/deeperdarker/echo_boat": {
    "criteria": {
      "in_water": "2024-05-18 03:20:27 +0000"
    },
    "done": true
  },
  "aether_redux:recipes/transportation/blightwillow_boat": {
    "criteria": {
      "in_water": "2024-05-18 03:20:26 +0000"
    },
    "done": true
  },
  "aether_redux:recipes/transportation/fieldsprout_boat": {
    "criteria": {
      "in_water": "2024-05-18 03:20:27 +0000"
    },
    "done": true
  },
  "ecologics:recipes/ecologics/walnut_boat": {
    "criteria": {
      "in_water": "2024-05-18 03:20:26 +0000"
    },
    "done": true
  },
  "ecologics:recipes/ecologics/coconut_boat": {
    "criteria": {
      "in_water": "2024-05-18 03:20:27 +0000"
    },
    "done": true
  },
  "woodworks:recipes/redstone/oak_door_from_oak_logs_sawing": {
    "criteria": {
      "has_oak_logs": "2024-05-18 03:11:33 +0000"
    },
    "done": true
  },
  "takesapillage:root": {
    "criteria": {
      "always": "2024-05-18 03:10:16 +0000"
    },
    "done": true
  },
  "woodworks:recipes/redstone/oak_trapdoor_from_oak_logs_sawing": {
    "criteria": {
      "has_oak_logs": "2024-05-18 03:11:33 +0000"
    },
    "done": true
  },
  "naturescompass:natures_compass": {
    "criteria": {
      "has_compass": "2024-05-18 03:10:17 +0000"
    },
    "done": true
  },
  "biomemakeover:biomemakeover/root": {
    "criteria": {
      "enter_mushroom_fields": "2024-05-18 03:10:19 +0000",
      "enter_swamp": "2024-05-18 03:10:19 +0000",
      "enter_dark_forest": "2024-05-18 03:10:19 +0000",
      "enter_badlands": "2024-05-18 03:10:19 +0000"
    },
    "done": true
  },
  "byg:root": {
    "criteria": {
      "tick": "2024-05-18 03:10:16 +0000"
    },
    "done": true
  },
  "byg:adventure/oh_the_biomes_youll_go": {
    "criteria": {
      "byg:allium_fields": "2024-05-18 03:22:07 +0000",
      "byg:red_oak_forest": "2024-05-18 03:20:41 +0000",
      "byg:ebony_woods": "2024-05-18 03:21:07 +0000"
    },
    "done": false
  },
  "bambooeverything:recipes/bamboo_bundle": {
    "criteria": {
      "has_bamboo": "2024-05-18 03:10:17 +0000"
    },
    "done": true
  },
  "bambooeverything:recipes/dry_bamboo_door": {
    "criteria": {
      "has_dry_bundle": "2024-05-18 03:10:17 +0000"
    },
    "done": true
  },
  "vinery:grapevine_stem": {
    "criteria": {
      "has_oak_log": "2024-05-18 03:11:33 +0000"
    },
    "done": true
  },
  "woodworks:recipes/building_blocks/oak_slab_from_oak_logs_sawing": {
    "criteria": {
      "has_oak_logs": "2024-05-18 03:11:33 +0000"
    },
    "done": true
  },
  "bambooeverything:recipes/bamboo_stairs": {
    "criteria": {
      "has_bundle": "2024-05-18 03:10:17 +0000"
    },
    "done": true
  },
  "bambooeverything:recipes/dry_bamboo_ladder": {
    "criteria": {
      "has_dry_bamboo": "2024-05-18 03:10:17 +0000"
    },
    "done": true
  },
  "minecraft:adventure/adventuring_time": {
    "criteria": {
      "minecraft:river": "2024-05-18 03:20:27 +0000",
      "environmental:blossom_woods": "2024-05-18 03:20:38 +0000",
      "environmental:blossom_valleys": "2024-05-18 03:21:44 +0000",
      "minecraft:forest": "2024-05-18 03:19:17 +0000",
      "minecraft:plains": "2024-05-18 03:10:19 +0000"
    },
    "done": false
  },
  "woodworks:recipes/building_blocks/oak_planks_from_oak_logs_sawing": {
    "criteria": {
      "has_oak_logs": "2024-05-18 03:11:33 +0000"
    },
    "done": true
  },
  "vinery:stackable_log": {
    "criteria": {
      "has_oak_log": "2024-05-18 03:11:33 +0000"
    },
    "done": true
  },
  "bambooeverything:recipes/bamboo_door": {
    "criteria": {
      "has_bundle": "2024-05-18 03:10:17 +0000"
    },
    "done": true
  },
  "minecraft:recipes/misc/charcoal": {
    "criteria": {
      "has_log": "2024-05-18 03:11:33 +0000"
    },
    "done": true
  },
  "bambooeverything:recipes/dry_bamboo_stairs": {
    "criteria": {
      "has_dry_bundle": "2024-05-18 03:10:17 +0000"
    },
    "done": true
  },
  "bambooeverything:recipes/bamboo_trapdoor": {
    "criteria": {
      "has_bundle": "2024-05-18 03:10:17 +0000"
    },
    "done": true
  },
  "bambooeverything:recipes/dry_bamboo_trapdoor": {
    "criteria": {
      "has_dry_bundle": "2024-05-18 03:10:17 +0000"
    },
    "done": true
  },
  "woodworks:recipes/redstone/oak_fence_gate_from_oak_logs_sawing": {
    "criteria": {
      "has_oak_logs": "2024-05-18 03:11:33 +0000"
    },
    "done": true
  },
  "iceandfire:iceandfire/root": {
    "criteria": {
      "tick": "2024-05-18 03:10:16 +0000"
    },
    "done": true
  },
  "bambooeverything:recipes/dry_bamboo_slab": {
    "criteria": {
      "has_dry_bundle": "2024-05-18 03:10:17 +0000"
    },
    "done": true
  },
  "clayworks:recipes/misc/charcoal_from_baking": {
    "criteria": {
      "has_log": "2024-05-18 03:11:33 +0000"
    },
    "done": true
  },
  "vinery:dirt_slab": {
    "criteria": {
      "has_dirt": "2024-05-18 03:19:39 +0000"
    },
    "done": true
  },
  "minecraft:recipes/transportation/birch_boat": {
    "criteria": {
      "in_water": "2024-05-18 03:20:26 +0000"
    },
    "done": true
  },
  "ecologics:recipes/ecologics/flowering_azalea_boat": {
    "criteria": {
      "in_water": "2024-05-18 03:20:26 +0000"
    },
    "done": true
  },
  "decorative_blocks:recipes/decorative_blocks.general/rocky_dirt": {
    "criteria": {
      "has_dirt": "2024-05-18 03:19:39 +0000"
    },
    "done": true
  },
  "minecraft:recipes/transportation/mangrove_boat": {
    "criteria": {
      "in_water": "2024-05-18 03:20:26 +0000"
    },
    "done": true
  },
  "bambooeverything:recipes/bamboo_bundle_uncrafting": {
    "criteria": {
      "has_bundle": "2024-05-18 03:10:17 +0000"
    },
    "done": true
  },
  "minecraft:recipes/transportation/acacia_boat": {
    "criteria": {
      "in_water": "2024-05-18 03:20:26 +0000"
    },
    "done": true
  },
  "minecraft:adventure/root": {
    "criteria": {
      "killed_by_something": "2024-05-18 03:11:54 +0000"
    },
    "done": true
  },
  "minecraft:recipes/transportation/jungle_boat": {
    "criteria": {
      "in_water": "2024-05-18 03:20:27 +0000"
    },
    "done": true
  },
  "bambooeverything:recipes/bamboo_slab": {
    "criteria": {
      "has_bundle": "2024-05-18 03:10:17 +0000"
    },
    "done": true
  },
  "minecraft:recipes/transportation/spruce_boat": {
    "criteria": {
      "in_water": "2024-05-18 03:20:26 +0000"
    },
    "done": true
  },
  "bambooeverything:recipes/dry_bamboo_fence_gate": {
    "criteria": {
      "has_dry_bundle": "2024-05-18 03:10:17 +0000",
      "has_dry_bamboo": "2024-05-18 03:10:17 +0000"
    },
    "done": true
  },
  "windswept:recipes/transportation/holly_boat": {
    "criteria": {
      "in_water": "2024-05-18 03:20:26 +0000"
    },
    "done": true
  },
  "farmersdelight:main/root": {
    "criteria": {
      "seeds": "2024-05-18 03:10:17 +0000"
    },
    "done": true
  },
  "minecraft:recipes/building_blocks/oak_planks": {
    "criteria": {
      "has_logs": "2024-05-18 03:11:33 +0000"
    },
    "done": true
  },
  "aether_redux:recipes/transportation/cloudcap_boat": {
    "criteria": {
      "in_water": "2024-05-18 03:20:26 +0000"
    },
    "done": true
  },
  "goodending:recipes/cypress_boat": {
    "criteria": {
      "in_water": "2024-05-18 03:20:26 +0000"
    },
    "done": true
  },
  "environmental:recipes/transportation/willow_boat": {
    "criteria": {
      "in_water": "2024-05-18 03:20:26 +0000"
    },
    "done": true
  },
  "minecraft:recipes/transportation/dark_oak_boat": {
    "criteria": {
      "in_water": "2024-05-18 03:20:26 +0000"
    },
    "done": true
  },
  "bambooeverything:recipes/bamboo_ladder": {
    "criteria": {
      "has_bamboo": "2024-05-18 03:10:17 +0000"
    },
    "done": true
  },
  "tombstone:adventure/root": {
    "criteria": {
      "auto": "2024-05-18 03:10:19 +0000"
    },
    "done": true
  },
  "cataclysm:root": {
    "criteria": {
      "custom_test_name": "2024-05-18 03:10:16 +0000"
    },
    "done": true
  },
  "bambooeverything:recipes/dry_bamboo_bundle": {
    "criteria": {
      "has_dry_bamboo": "2024-05-18 03:10:17 +0000"
    },
    "done": true
  },
  "woodworks:recipes/decorations/oak_sign_from_oak_logs_sawing": {
    "criteria": {
      "has_oak_logs": "2024-05-18 03:11:33 +0000"
    },
    "done": true
  },
  "aether:recipes/transportation/skyroot_boat": {
    "criteria": {
      "in_water": "2024-05-18 03:20:26 +0000"
    },
    "done": true
  },
  "dungeons_arise:wda_root": {
    "criteria": {
      "WDA": "2024-05-18 03:10:16 +0000"
    },
    "done": true
  },
  "woodworks:recipes/decorations/oak_fence_from_oak_logs_sawing": {
    "criteria": {
      "has_oak_logs": "2024-05-18 03:11:33 +0000"
    },
    "done": true
  },
  "environmental:recipes/transportation/wisteria_boat": {
    "criteria": {
      "in_water": "2024-05-18 03:20:26 +0000"
    },
    "done": true
  },
  "woodworks:recipes/building_blocks/oak_boards_from_oak_logs_sawing": {
    "criteria": {
      "has_oak_logs": "2024-05-18 03:11:33 +0000"
    },
    "done": true
  },
  "aether_redux:recipes/transportation/springshroom_boat": {
    "criteria": {
      "in_water": "2024-05-18 03:20:27 +0000"
    },
    "done": true
  },
  "tombstone:recipes/from_grave_key": {
    "criteria": {
      "has_ingredient": "2024-05-18 03:11:55 +0000"
    },
    "done": true
  },
  "woodworks:recipes/building_blocks/oak_stairs_from_oak_logs_sawing": {
    "criteria": {
      "has_oak_logs": "2024-05-18 03:11:33 +0000"
    },
    "done": true
  },
  "aether_redux:recipes/transportation/crystal_boat": {
    "criteria": {
      "in_water": "2024-05-18 03:20:26 +0000"
    },
    "done": true
  },
  "goodending:recipes/muddy_oak_boat": {
    "criteria": {
      "in_water": "2024-05-18 03:20:26 +0000"
    },
    "done": true
  },
  "decorative_blocks:recipes/decorative_blocks.general/oak_palisade": {
    "criteria": {
      "has_log": "2024-05-18 03:11:33 +0000"
    },
    "done": true
  },
  "frosted_friends:frosted_friends": {
    "criteria": {
      "frosted_friends": "2024-05-18 03:10:16 +0000"
    },
    "done": true
  },
  "windswept:recipes/transportation/chestnut_boat": {
    "criteria": {
      "in_water": "2024-05-18 03:20:26 +0000"
    },
    "done": true
  },
  "naturescompass:natures_compass_log": {
    "criteria": {
      "has_recipe": "2024-05-18 03:10:17 +0000"
    },
    "done": true
  },
  "woodworks:recipes/decorations/oak_ladder_from_oak_logs_sawing": {
    "criteria": {
      "has_oak_logs": "2024-05-18 03:11:33 +0000"
    },
    "done": true
  },
  "environmental:recipes/transportation/cherry_boat": {
    "criteria": {
      "in_water": "2024-05-18 03:20:27 +0000"
    },
    "done": true
  },
  "woodworks:recipes/redstone/oak_button_from_oak_logs_sawing": {
    "criteria": {
      "has_oak_logs": "2024-05-18 03:11:33 +0000"
    },
    "done": true
  },
  "naturescompass:natures_compass_sapling": {
    "criteria": {
      "has_recipe": "2024-05-18 03:10:17 +0000"
    },
    "done": true
  },
  "minecraft:recipes/building_blocks/oak_wood": {
    "criteria": {
      "has_log": "2024-05-18 03:11:33 +0000"
    },
    "done": true
  },
  "environmental:recipes/misc/mud_ball_from_dirt": {
    "criteria": {
      "has_dirt": "2024-05-18 03:19:39 +0000"
    },
    "done": true
  },
  "windswept:recipes/misc/wooden_bucket": {
    "criteria": {
      "has_log": "2024-05-18 03:11:33 +0000"
    },
    "done": true
  },
  "tombstone:adventure/first_grave": {
    "criteria": {
      "coded_trigger": "2024-05-18 03:11:54 +0000"
    },
    "done": true
  },
  "aether_redux:recipes/transportation/glacia_boat": {
    "criteria": {
      "in_water": "2024-05-18 03:20:26 +0000"
    },
    "done": true
  },
  "minecraft:recipes/transportation/oak_boat": {
    "criteria": {
      "in_water": "2024-05-18 03:20:26 +0000"
    },
    "done": true
  },
  "bambooeverything:recipes/bamboo_fence_gate": {
    "criteria": {
      "has_bamboo": "2024-05-18 03:10:17 +0000",
      "has_bundle": "2024-05-18 03:10:17 +0000"
    },
    "done": true
  },
  "immersive_weathering:immersive_weathering/dirts": {
    "criteria": {
      "dirt": "2024-05-18 03:19:39 +0000"
    },
    "done": false
  },
  "woodworks:recipes/redstone/oak_pressure_plate_from_oak_logs_sawing": {
    "criteria": {
      "has_oak_logs": "2024-05-18 03:11:33 +0000"
    },
    "done": true
  },
  "ecologics:recipes/ecologics/azalea_boat": {
    "criteria": {
      "in_water": "2024-05-18 03:20:26 +0000"
    },
    "done": true
  },
  "bambooeverything:recipes/bamboo_fence": {
    "criteria": {
      "has_bamboo": "2024-05-18 03:10:17 +0000",
      "has_bundle": "2024-05-18 03:10:17 +0000"
    },
    "done": true
  },
  "bambooeverything:recipes/dry_bamboo_bundle_uncrafting": {
    "criteria": {
      "has_dry_bundle": "2024-05-18 03:10:17 +0000"
    },
    "done": true
  },
  "repurposed_structures:root": {
    "criteria": {
      "always": "2024-05-18 03:10:16 +0000"
    },
    "done": true
  },
  "DataVersion": 3120
}